{
  "config": {
    "polynomial_degree": 2,
    "noise_level": 0.05,
    "train_val_split": 0.8,
    "model_architecture": "linear",
    "hidden_dims": [],
    "optimizer": "sgd",
    "learning_rate": 0.01,
    "batch_size": 32,
    "epochs": 100,
    "random_seed": 42,
    "num_data_points": 1000,
    "x_range": [
      -5.0,
      5.0
    ],
    "activation_function": "relu",
    "early_stopping_patience": 10,
    "save_checkpoints": true
  },
  "experiment_id": "batch_experiment_linear_sgd_000",
  "timestamp": "2025-08-06T14:02:34.872573",
  "duration_seconds": 0.0,
  "training_results": {
    "train_losses": [
      0.5190041399002076,
      0.3707951134443283,
      0.3583014065027237,
      0.35615515589714053,
      0.3553625273704529,
      0.3563895058631897,
      0.3558880567550659,
      0.3555339103937149,
      0.35663581371307373,
      0.35658870279788973,
      0.35709876179695127,
      0.3565802836418152,
      0.3592066240310669,
      0.3597221052646637,
      0.35946032762527463,
      0.3572701501846314,
      0.35652298867702487,
      0.3558354073762894,
      0.35613787174224854,
      0.3589905244112015,
      0.36002039670944214,
      0.3574827575683594,
      0.35917229115962984,
      0.3560078239440918,
      0.3573702168464661,
      0.35673967480659485,
      0.3545884299278259,
      0.35708886742591855
    ],
    "val_losses": [
      0.33840646701199667,
      0.33709698063986643,
      0.327674571956907,
      0.32254771675382343,
      0.330059962613242,
      0.3231413960456848,
      0.32357324021203177,
      0.3192402848175594,
      0.3226649761199951,
      0.3213913653578077,
      0.3215243135179792,
      0.32927009889057707,
      0.3250423073768616,
      0.3293124394757407,
      0.3232664040156773,
      0.32446666274751934,
      0.32483517697879244,
      0.3190050721168518,
      0.3214035757950374,
      0.32653498223849703,
      0.31968086532184053,
      0.32286111797605244,
      0.3212381260735648,
      0.32473527107919964,
      0.3278481066226959,
      0.3269938571112497,
      0.32550187196050373,
      0.32422107458114624
    ],
    "final_train_loss": 0.35708886742591855,
    "final_val_loss": 0.32422107458114624,
    "training_time": 0.22868895530700684,
    "model_parameters": {
      "total_parameters": 2,
      "trainable_parameters": 2,
      "input_dim": 1,
      "model_type": "LinearModel",
      "parameter_details": {
        "linear.weight": {
          "shape": [
            1,
            1
          ],
          "requires_grad": true,
          "num_elements": 1
        },
        "linear.bias": {
          "shape": [
            1
          ],
          "requires_grad": true,
          "num_elements": 1
        }
      }
    },
    "predictions": null,
    "confidence_intervals": null,
    "epoch_times": [
      0.02844095230102539,
      0.00741887092590332,
      0.007047891616821289,
      0.007750034332275391,
      0.0068209171295166016,
      0.007297992706298828,
      0.007735013961791992,
      0.007646799087524414,
      0.0072917938232421875,
      0.007313966751098633,
      0.007727146148681641,
      0.006963014602661133,
      0.008033990859985352,
      0.007161855697631836,
      0.007382631301879883,
      0.00715184211730957,
      0.008399009704589844,
      0.0070950984954833984,
      0.007398128509521484,
      0.007684230804443359,
      0.007367134094238281,
      0.0073490142822265625,
      0.007241964340209961,
      0.007475137710571289,
      0.007414102554321289,
      0.0070002079010009766,
      0.007194995880126953,
      0.006793975830078125
    ],
    "best_epoch": "17",
    "best_val_loss": 0.3190050721168518
  },
  "final_train_loss": 0.35708886742591855,
  "final_val_loss": 0.32422107458114624,
  "best_val_loss": 0.3190050721168518,
  "training_time": 0.22868895530700684,
  "convergence_epoch": "17",
  "model_parameters": {
    "total_parameters": 2,
    "trainable_parameters": 2,
    "input_dim": 1,
    "model_type": "LinearModel",
    "parameter_details": {
      "linear.weight": {
        "shape": [
          1,
          1
        ],
        "requires_grad": true,
        "num_elements": 1
      },
      "linear.bias": {
        "shape": [
          1
        ],
        "requires_grad": true,
        "num_elements": 1
      }
    }
  },
  "model_size": 2,
  "data_stats": {
    "num_points": 1000,
    "polynomial_degree": 2,
    "coefficients": [
      -1.254598811526375,
      4.507143064099162,
      2.3199394181140507
    ],
    "x_range": [
      -5.0,
      5.0
    ],
    "y_range": [
      -52.47271513878879,
      8.3513272901967
    ],
    "noise_level": 0.05,
    "train_size": 800,
    "val_size": 200
  },
  "image_paths": [
    "images/batch_experiment_linear_sgd_000/curve_fit.png",
    "images/batch_experiment_linear_sgd_000/curve_fit.pdf",
    "images/batch_experiment_linear_sgd_000/loss_curves.png",
    "images/batch_experiment_linear_sgd_000/loss_curves.pdf"
  ],
  "model_path": null,
  "config_path": null,
  "status": "running",
  "error_message": null
}