{
  "config": {
    "polynomial_degree": 3,
    "noise_level": 0.1,
    "train_val_split": 0.8,
    "model_architecture": "shallow",
    "hidden_dims": [
      64,
      32
    ],
    "optimizer": "adam",
    "learning_rate": 0.001,
    "batch_size": 32,
    "epochs": 100,
    "random_seed": 42,
    "num_data_points": 1000,
    "x_range": [
      -5.0,
      5.0
    ],
    "activation_function": "relu",
    "early_stopping_patience": 10,
    "save_checkpoints": true
  },
  "experiment_id": "batch_experiment_shallow_adam_001",
  "timestamp": "2025-08-06T14:02:34.872665",
  "duration_seconds": 0.0,
  "training_results": {
    "train_losses": [
      0.6951919490098953,
      0.43348489224910736,
      0.2954926949739456,
      0.18140562266111374,
      0.11727617964148522,
      0.08373865008354187,
      0.06404559955000877,
      0.05114083893597126,
      0.041350836679339406,
      0.034637769237160686,
      0.029798010140657426,
      0.026846478395164013,
      0.02494973983615637,
      0.02227234698832035,
      0.020591409653425218,
      0.018754817582666873,
      0.018484356217086315,
      0.017793526165187357,
      0.017131407745182514,
      0.016356813721358776,
      0.0171324161067605,
      0.016678918711841108,
      0.015425042286515235,
      0.01514575820416212,
      0.014243432991206647,
      0.013762224316596985,
      0.013704424425959587,
      0.013270689230412245,
      0.013001948241144418,
      0.012949560768902302,
      0.013055383563041686,
      0.012852918654680252,
      0.012498689088970423,
      0.012526824474334716,
      0.012361169420182705,
      0.012008687425404787,
      0.014008253291249275,
      0.012184670455753803,
      0.012451125159859657,
      0.012008843980729579,
      0.012120482251048089,
      0.011500442419201135,
      0.012085994556546211,
      0.012193430308252573,
      0.011971340831369161,
      0.012459249943494797,
      0.012164155170321465,
      0.011426282748579979,
      0.012126648351550102,
      0.011929337978363036,
      0.01229027908295393,
      0.012192226573824882,
      0.011296107117086649,
      0.011913658268749714,
      0.013452954050153494,
      0.011709257885813713,
      0.012975354604423046,
      0.011549561154097318,
      0.011631399393081665,
      0.0113158018887043,
      0.012690313626080751,
      0.012697290629148483,
      0.011596109569072723,
      0.011683420725166798,
      0.011624558996409178,
      0.012188171241432429,
      0.01226014694198966,
      0.012666137386113406,
      0.011693752482533454,
      0.011977639794349671,
      0.01159930281341076,
      0.011557762641459704,
      0.011391925942152738
    ],
    "val_losses": [
      0.4705709857600076,
      0.2953316867351532,
      0.1856283907379423,
      0.11953495229993548,
      0.08124174709830966,
      0.06424656084605626,
      0.04944445991090366,
      0.04305823892354965,
      0.0361085193497794,
      0.028036077373794148,
      0.025337777233549526,
      0.02457745359944446,
      0.022356543423874036,
      0.02246346151722329,
      0.021573215456945554,
      0.01952813086765153,
      0.018097087075667723,
      0.016937813322458948,
      0.01722949237695762,
      0.019104433112910817,
      0.01840397994965315,
      0.015414858369954995,
      0.017049890543733324,
      0.014974688312837056,
      0.015258379014475005,
      0.014905584576938833,
      0.014262568870825427,
      0.013715240971318312,
      0.01331358216702938,
      0.01420930533536843,
      0.013606482983699866,
      0.013313890168709415,
      0.013169772922992706,
      0.012739156505891256,
      0.012556358240544796,
      0.013590029174728053,
      0.012979594724518912,
      0.01239356744502272,
      0.01268369292042085,
      0.013622581027448177,
      0.012002445358250822,
      0.012122711831969874,
      0.01259296147951058,
      0.011735969090035983,
      0.011560260717357908,
      0.013342265438820635,
      0.011412333830126695,
      0.011571891605854034,
      0.011965723974364144,
      0.012991546387118953,
      0.01158309860953263,
      0.012346811193440641,
      0.011921299488416739,
      0.012389003033084529,
      0.011049405671656132,
      0.013767048450452941,
      0.010592677563961064,
      0.011186213232576847,
      0.010744283108838968,
      0.011059582898659366,
      0.011076534033886023,
      0.010603148224098342,
      0.010533838798957211,
      0.011527708864637784,
      0.0110840911843947,
      0.014710692555776663,
      0.012194935298923935,
      0.011668097227811813,
      0.010989867549921786,
      0.012188832807753767,
      0.013117469714156218,
      0.013632333305265223,
      0.011125877765672547
    ],
    "final_train_loss": 0.011391925942152738,
    "final_val_loss": 0.011125877765672547,
    "training_time": 0.8757228851318359,
    "model_parameters": {
      "total_parameters": 2241,
      "trainable_parameters": 2241,
      "input_dim": 1,
      "model_type": "ShallowNetwork",
      "parameter_details": {
        "network.0.weight": {
          "shape": [
            64,
            1
          ],
          "requires_grad": true,
          "num_elements": 64
        },
        "network.0.bias": {
          "shape": [
            64
          ],
          "requires_grad": true,
          "num_elements": 64
        },
        "network.2.weight": {
          "shape": [
            32,
            64
          ],
          "requires_grad": true,
          "num_elements": 2048
        },
        "network.2.bias": {
          "shape": [
            32
          ],
          "requires_grad": true,
          "num_elements": 32
        },
        "network.4.weight": {
          "shape": [
            1,
            32
          ],
          "requires_grad": true,
          "num_elements": 32
        },
        "network.4.bias": {
          "shape": [
            1
          ],
          "requires_grad": true,
          "num_elements": 1
        }
      }
    },
    "predictions": null,
    "confidence_intervals": null,